datetime,open,high,low,close,volume
2023-01-02 15:40:00,3250.0,3258.0,3250.0,3258.0,1599.1
2023-01-02 15:45:00,3258.0,3258.0,3258.0,3258.0,1013.2
2023-01-02 15:50:00,3258.0,3258.0,3258.0,3258.0,0.0
2023-01-02 15:55:00,3258.0,3258.0,3258.0,3258.0,0.0
2023-01-02 16:00:00,3256.0,3256.0,3256.0,3256.0,76.7
2023-01-02 16:05:00,3256.0,3256.0,3256.0,3256.0,0.0
2023-01-02 16:10:00,3280.0,3280.0,3280.0,3280.0,365.6
2023-01-02 16:15:00,3294.0,3313.0,3294.0,3313.0,72.4
2023-01-02 16:20:00,3313.0,3313.0,3313.0,3313.0,0.0
2023-01-02 16:25:00,3302.0,3302.0,3302.0,3302.0,29.7
2023-01-02 16:30:00,3302.0,3302.0,3302.0,3302.0,60.5
2023-01-02 16:35:00,3302.0,3302.0,3302.0,3302.0,0.0
2023-01-02 16:40:00,3302.0,3302.0,3302.0,3302.0,0.0
2023-01-02 16:45:00,3302.0,3302.0,3302.0,3302.0,0.0
2023-01-02 16:50:00,3328.0,3328.0,3328.0,3328.0,471.2
2023-01-02 16:55:00,3328.0,3328.0,3328.0,3328.0,9.0
2023-01-02 17:00:00,3328.0,3328.0,3328.0,3328.0,0.0
2023-01-02 17:05:00,3328.0,3328.0,3328.0,3328.0,0.0
2023-01-02 17:10:00,3328.0,3328.0,3328.0,3328.0,0.0
2023-01-02 17:15:00,3328.0,3328.0,3328.0,3328.0,0.0
2023-01-02 17:20:00,3328.0,3328.0,3328.0,3328.0,0.0
2023-01-02 17:25:00,3328.0,3328.0,3328.0,3328.0,0.0
2023-01-02 17:30:00,3328.0,3328.0,3328.0,3328.0,0.0
2023-01-02 17:35:00,3285.0,3285.0,3285.0,3285.0,29.8
2023-01-02 17:40:00,3285.0,3285.0,3285.0,3285.0,0.0
2023-01-02 17:45:00,3285.0,3285.0,3285.0,3285.0,1473.4
2023-01-02 17:50:00,3285.0,3285.0,3285.0,3285.0,6.3
2023-01-02 17:55:00,3285.0,3285.0,3285.0,3285.0,0.0
2023-01-02 18:00:00,3285.0,3285.0,3285.0,3285.0,0.0
2023-01-02 18:05:00,3285.0,3285.0,3285.0,3285.0,0.0
2023-01-02 18:10:00,3285.0,3285.0,3285.0,3285.0,0.0
2023-01-02 18:15:00,3317.0,3317.0,3304.0,3304.0,16.2
2023-01-02 18:20:00,3306.0,3306.0,3306.0,3306.0,96.0
2023-01-02 18:25:00,3308.0,3308.0,3308.0,3308.0,32.5
2023-01-02 18:30:00,3308.0,3308.0,3308.0,3308.0,0.0
2023-01-02 18:35:00,3308.0,3308.0,3308.0,3308.0,0.0
2023-01-02 18:40:00,3308.0,3308.0,3308.0,3308.0,0.0
2023-01-02 18:45:00,3308.0,3308.0,3308.0,3308.0,7.0
2023-01-02 18:50:00,3308.0,3308.0,3308.0,3308.0,0.0
2023-01-02 18:55:00,3308.0,3308.0,3308.0,3308.0,0.0
2023-01-02 19:00:00,3308.0,3308.0,3308.0,3308.0,0.0
2023-01-02 19:05:00,3308.0,3308.0,3308.0,3308.0,0.0
2023-01-02 19:10:00,3308.0,3308.0,3308.0,3308.0,0.0
2023-01-02 19:15:00,3308.0,3308.0,3308.0,3308.0,0.0
2023-01-02 19:20:00,3314.0,3314.0,3314.0,3314.0,39.2
2023-01-02 19:25:00,3314.0,3314.0,3314.0,3314.0,0.0
2023-01-02 19:30:00,3314.0,3314.0,3314.0,3314.0,0.0
2023-01-02 19:35:00,3314.0,3314.0,3314.0,3314.0,0.0
2023-01-02 19:40:00,3314.0,3314.0,3314.0,3314.0,0.0
2023-01-02 19:45:00,3314.0,3314.0,3314.0,3314.0,0.0
2023-01-02 19:50:00,3314.0,3314.0,3314.0,3314.0,0.0
2023-01-02 19:55:00,3314.0,3314.0,3314.0,3314.0,0.0
2023-01-02 20:00:00,3314.0,3314.0,3314.0,3314.0,129.2
2023-01-02 20:05:00,3314.0,3314.0,3314.0,3314.0,0.0
2023-01-02 20:10:00,3314.0,3314.0,3314.0,3314.0,0.0
2023-01-02 20:15:00,3314.0,3314.0,3314.0,3314.0,0.0
2023-01-02 20:20:00,3314.0,3314.0,3314.0,3314.0,0.0
2023-01-02 20:25:00,3314.0,3314.0,3314.0,3314.0,0.0
2023-01-02 20:30:00,3314.0,3314.0,3314.0,3314.0,0.0
2023-01-02 20:35:00,3314.0,3314.0,3314.0,3314.0,0.0
2023-01-02 20:40:00,3314.0,3314.0,3314.0,3314.0,0.0
2023-01-02 20:45:00,3314.0,3314.0,3314.0,3314.0,0.0
2023-01-02 20:50:00,3314.0,3314.0,3314.0,3314.0,0.0
2023-01-02 20:55:00,3314.0,3314.0,3314.0,3314.0,0.0
2023-01-02 21:00:00,3314.0,3314.0,3314.0,3314.0,0.0
2023-01-02 21:05:00,3314.0,3314.0,3314.0,3314.0,0.0
2023-01-02 21:10:00,3314.0,3314.0,3314.0,3314.0,0.0
2023-01-02 21:15:00,3314.0,3314.0,3314.0,3314.0,0.0
2023-01-02 21:20:00,3314.0,3314.0,3314.0,3314.0,0.0
2023-01-02 21:25:00,3314.0,3314.0,3314.0,3314.0,0.0
2023-01-02 21:30:00,3314.0,3314.0,3314.0,3314.0,0.0
2023-01-02 21:35:00,3314.0,3314.0,3314.0,3314.0,0.0
2023-01-02 21:40:00,3312.0,3312.0,3312.0,3312.0,7.3
2023-01-02 21:45:00,3312.0,3312.0,3312.0,3312.0,23.6
2023-01-02 21:50:00,3312.0,3312.0,3312.0,3312.0,0.0
2023-01-02 21:55:00,3312.0,3312.0,3312.0,3312.0,0.0
2023-01-02 22:00:00,3312.0,3312.0,3312.0,3312.0,0.0
2023-01-02 22:05:00,3312.0,3312.0,3312.0,3312.0,0.0
2023-01-02 22:10:00,3312.0,3312.0,3312.0,3312.0,0.0
2023-01-02 22:15:00,3312.0,3312.0,3312.0,3312.0,0.0
2023-01-02 22:20:00,3312.0,3312.0,3312.0,3312.0,0.0
2023-01-02 22:25:00,3312.0,3312.0,3312.0,3312.0,0.0
2023-01-02 22:30:00,3312.0,3312.0,3312.0,3312.0,0.0
2023-01-02 22:35:00,3312.0,3312.0,3312.0,3312.0,0.0
2023-01-02 22:40:00,3312.0,3312.0,3312.0,3312.0,0.0
2023-01-02 22:45:00,3312.0,3312.0,3312.0,3312.0,0.0
2023-01-02 22:50:00,3312.0,3312.0,3312.0,3312.0,0.0
2023-01-02 22:55:00,3312.0,3312.0,3312.0,3312.0,0.0
2023-01-02 23:00:00,3312.0,3312.0,3312.0,3312.0,0.0
2023-01-02 23:05:00,3310.0,3310.0,3310.0,3310.0,13.2
2023-01-02 23:10:00,3310.0,3310.0,3310.0,3310.0,0.0
2023-01-02 23:15:00,3310.0,3310.0,3310.0,3310.0,0.0
2023-01-02 23:20:00,3310.0,3310.0,3310.0,3310.0,0.0
2023-01-02 23:25:00,3310.0,3310.0,3310.0,3310.0,0.0
2023-01-02 23:30:00,3310.0,3310.0,3310.0,3310.0,0.0
2023-01-02 23:35:00,3310.0,3310.0,3310.0,3310.0,0.0
2023-01-02 23:40:00,3310.0,3310.0,3310.0,3310.0,0.0
2023-01-02 23:45:00,3310.0,3310.0,3310.0,3310.0,0.0
2023-01-02 23:50:00,3310.0,3310.0,3310.0,3310.0,0.0
2023-01-02 23:55:00,3310.0,3310.0,3310.0,3310.0,0.0
2023-01-03 00:00:00,3310.0,3310.0,3310.0,3310.0,0.0
2023-01-03 00:05:00,3312.0,3312.0,3312.0,3312.0,33.3
2023-01-03 00:10:00,3312.0,3312.0,3312.0,3312.0,0.0
2023-01-03 00:15:00,3312.0,3312.0,3312.0,3312.0,0.0
2023-01-03 00:20:00,3312.0,3312.0,3312.0,3312.0,0.0
2023-01-03 00:25:00,3312.0,3312.0,3312.0,3312.0,0.0
2023-01-03 00:30:00,3312.0,3312.0,3312.0,3312.0,0.0
2023-01-03 00:35:00,3312.0,3312.0,3312.0,3312.0,0.0
2023-01-03 00:40:00,3312.0,3312.0,3312.0,3312.0,0.0
2023-01-03 00:45:00,3312.0,3312.0,3312.0,3312.0,0.0
2023-01-03 00:50:00,3312.0,3312.0,3312.0,3312.0,0.0
2023-01-03 00:55:00,3312.0,3312.0,3312.0,3312.0,0.0
2023-01-03 01:00:00,3312.0,3312.0,3312.0,3312.0,0.0
2023-01-03 01:05:00,3312.0,3312.0,3312.0,3312.0,0.0
2023-01-03 01:10:00,3312.0,3312.0,3312.0,3312.0,0.0
2023-01-03 01:15:00,3312.0,3312.0,3312.0,3312.0,0.0
2023-01-03 01:20:00,3312.0,3312.0,3312.0,3312.0,0.0
2023-01-03 01:25:00,3312.0,3312.0,3312.0,3312.0,0.0
2023-01-03 01:30:00,3312.0,3312.0,3312.0,3312.0,0.0
2023-01-03 01:35:00,3312.0,3312.0,3312.0,3312.0,7.6
2023-01-03 01:40:00,3275.0,3275.0,3275.0,3275.0,16.6
2023-01-03 01:45:00,3275.0,3275.0,3275.0,3275.0,0.0
2023-01-03 01:50:00,3275.0,3275.0,3275.0,3275.0,64.1
2023-01-03 01:55:00,3275.0,3275.0,3275.0,3275.0,0.0
2023-01-03 02:00:00,3275.0,3275.0,3275.0,3275.0,3154.7
2023-01-03 02:05:00,3275.0,3275.0,3261.0,3261.0,534.5
2023-01-03 02:10:00,3333.0,3333.0,3333.0,3333.0,45.5
2023-01-03 02:15:00,3333.0,3333.0,3333.0,3333.0,0.0
2023-01-03 02:20:00,3259.0,3259.0,3259.0,3259.0,9.0
2023-01-03 02:25:00,3259.0,3259.0,3259.0,3259.0,0.0
2023-01-03 02:30:00,3259.0,3259.0,3259.0,3259.0,0.0
2023-01-03 02:35:00,3259.0,3259.0,3259.0,3259.0,0.0
2023-01-03 02:40:00,3266.0,3266.0,3265.0,3265.0,2860.0
2023-01-03 02:45:00,3265.0,3265.0,3265.0,3265.0,0.0
2023-01-03 02:50:00,3265.0,3265.0,3265.0,3265.0,0.0
2023-01-03 02:55:00,3265.0,3265.0,3265.0,3265.0,0.0
2023-01-03 03:00:00,3265.0,3265.0,3265.0,3265.0,0.0
2023-01-03 03:05:00,3265.0,3265.0,3265.0,3265.0,0.0
2023-01-03 03:10:00,3265.0,3265.0,3265.0,3265.0,0.0
2023-01-03 03:15:00,3265.0,3265.0,3265.0,3265.0,0.0
2023-01-03 03:20:00,3265.0,3265.0,3265.0,3265.0,0.0
2023-01-03 03:25:00,3283.0,3283.0,3283.0,3283.0,1456.7
2023-01-03 03:30:00,3292.0,3292.0,3292.0,3292.0,1452.7
2023-01-03 03:35:00,3292.0,3292.0,3292.0,3292.0,0.0
2023-01-03 03:40:00,3292.0,3292.0,3292.0,3292.0,0.0
2023-01-03 03:45:00,3292.0,3292.0,3292.0,3292.0,0.0
2023-01-03 03:50:00,3294.0,3294.0,3294.0,3294.0,1249.7
2023-01-03 03:55:00,3294.0,3294.0,3294.0,3294.0,7.0
2023-01-03 04:00:00,3294.0,3294.0,3294.0,3294.0,0.0
2023-01-03 04:05:00,3294.0,3294.0,3294.0,3294.0,0.0
2023-01-03 04:10:00,3294.0,3294.0,3294.0,3294.0,0.0
2023-01-03 04:15:00,3341.0,3341.0,3341.0,3341.0,95.7
2023-01-03 04:20:00,3302.0,3302.0,3302.0,3302.0,6.5
2023-01-03 04:25:00,3302.0,3302.0,3302.0,3302.0,0.0
2023-01-03 04:30:00,3302.0,3302.0,3302.0,3302.0,0.0
2023-01-03 04:35:00,3302.0,3302.0,3302.0,3302.0,0.0
2023-01-03 04:40:00,3302.0,3302.0,3302.0,3302.0,0.0
2023-01-03 04:45:00,3302.0,3302.0,3302.0,3302.0,0.0
2023-01-03 04:50:00,3302.0,3302.0,3302.0,3302.0,0.0
2023-01-03 04:55:00,3302.0,3302.0,3302.0,3302.0,0.0
2023-01-03 05:00:00,3302.0,3302.0,3302.0,3302.0,0.0
2023-01-03 05:05:00,3302.0,3302.0,3302.0,3302.0,0.0
2023-01-03 05:10:00,3294.0,3294.0,3294.0,3294.0,1517.9
2023-01-03 05:15:00,3294.0,3294.0,3294.0,3294.0,0.0
2023-01-03 05:20:00,3294.0,3294.0,3294.0,3294.0,0.0
2023-01-03 05:25:00,3294.0,3294.0,3294.0,3294.0,0.0
2023-01-03 05:30:00,3294.0,3294.0,3294.0,3294.0,0.0
2023-01-03 05:35:00,3294.0,3294.0,3294.0,3294.0,0.0
2023-01-03 05:40:00,3294.0,3294.0,3294.0,3294.0,0.0
2023-01-03 05:45:00,3342.0,3364.0,3342.0,3364.0,12198.2
2023-01-03 05:50:00,3350.0,3350.0,3350.0,3350.0,15.0
2023-01-03 05:55:00,3350.0,3350.0,3350.0,3350.0,0.0
2023-01-03 06:00:00,3355.0,3413.0,3348.0,3413.0,4369.1
2023-01-03 06:05:00,3413.0,3413.0,3413.0,3413.0,0.0
2023-01-03 06:10:00,3413.0,3413.0,3413.0,3413.0,18.7
2023-01-03 06:15:00,3413.0,3413.0,3413.0,3413.0,0.0
2023-01-03 06:20:00,3393.0,3393.0,3387.0,3391.0,7863.6
2023-01-03 06:25:00,3382.0,3382.0,3382.0,3382.0,18.1
2023-01-03 06:30:00,3386.0,3386.0,3383.0,3383.0,942.7
2023-01-03 06:35:00,3383.0,3383.0,3367.0,3367.0,215.5
2023-01-03 06:40:00,3379.0,3381.0,3379.0,3381.0,78.8
2023-01-03 06:45:00,3381.0,3381.0,3381.0,3381.0,0.0
2023-01-03 06:50:00,3381.0,3381.0,3381.0,3381.0,0.0
2023-01-03 06:55:00,3381.0,3381.0,3381.0,3381.0,0.0
2023-01-03 07:00:00,3351.0,3351.0,3351.0,3351.0,15.5
2023-01-03 07:05:00,3351.0,3351.0,3351.0,3351.0,0.0
2023-01-03 07:10:00,3351.0,3351.0,3351.0,3351.0,0.0
2023-01-03 07:15:00,3351.0,3351.0,3351.0,3351.0,0.0
2023-01-03 07:20:00,3351.0,3351.0,3351.0,3351.0,0.0
2023-01-03 07:25:00,3351.0,3351.0,3351.0,3351.0,0.0
2023-01-03 07:30:00,3351.0,3351.0,3351.0,3351.0,0.0
2023-01-03 07:35:00,3351.0,3351.0,3351.0,3351.0,0.0
2023-01-03 07:40:00,3378.0,3378.0,3378.0,3378.0,179.1
2023-01-03 07:45:00,3367.0,3367.0,3365.0,3365.0,289.3
2023-01-03 07:50:00,3365.0,3365.0,3365.0,3365.0,0.0
2023-01-03 07:55:00,3365.0,3365.0,3365.0,3365.0,3237.4
2023-01-03 08:00:00,3365.0,3365.0,3365.0,3365.0,0.0
2023-01-03 08:05:00,3365.0,3365.0,3365.0,3365.0,0.0
2023-01-03 08:10:00,3364.0,3364.0,3355.0,3355.0,692.4
2023-01-03 08:15:00,3355.0,3355.0,3355.0,3355.0,0.0
2023-01-03 08:20:00,3355.0,3355.0,3355.0,3355.0,0.0
2023-01-03 08:25:00,3355.0,3355.0,3355.0,3355.0,0.0
2023-01-03 08:30:00,3355.0,3355.0,3355.0,3355.0,59.6
2023-01-03 08:35:00,3351.0,3351.0,3351.0,3351.0,346.1
2023-01-03 08:40:00,3351.0,3351.0,3351.0,3351.0,0.0
2023-01-03 08:45:00,3351.0,3351.0,3351.0,3351.0,0.0
2023-01-03 08:50:00,3351.0,3351.0,3350.0,3351.0,573.6
2023-01-03 08:55:00,3351.0,3351.0,3351.0,3351.0,0.0
2023-01-03 09:00:00,3364.0,3364.0,3364.0,3364.0,86.6
2023-01-03 09:05:00,3367.0,3367.0,3367.0,3367.0,70.9
2023-01-03 09:10:00,3367.0,3367.0,3367.0,3367.0,0.0
2023-01-03 09:15:00,3363.0,3363.0,3363.0,3363.0,889.2
2023-01-03 09:20:00,3365.0,3368.0,3365.0,3368.0,452.6
2023-01-03 09:25:00,3368.0,3368.0,3368.0,3368.0,0.0
2023-01-03 09:30:00,3368.0,3368.0,3368.0,3368.0,0.0
2023-01-03 09:35:00,3368.0,3368.0,3368.0,3368.0,0.0
2023-01-03 09:40:00,3368.0,3368.0,3368.0,3368.0,0.0
2023-01-03 09:45:00,3368.0,3368.0,3368.0,3368.0,0.0
2023-01-03 09:50:00,3368.0,3368.0,3368.0,3368.0,0.0
2023-01-03 09:55:00,3368.0,3387.0,3368.0,3387.0,596.7
2023-01-03 10:00:00,3387.0,3387.0,3387.0,3387.0,0.0
2023-01-03 10:05:00,3365.0,3365.0,3365.0,3365.0,461.9
2023-01-03 10:10:00,3365.0,3365.0,3365.0,3365.0,230.9
2023-01-03 10:15:00,3365.0,3370.0,3365.0,3370.0,630.8
2023-01-03 10:20:00,3370.0,3370.0,3370.0,3370.0,0.0
2023-01-03 10:25:00,3366.0,3366.0,3366.0,3366.0,346.0
2023-01-03 10:30:00,3363.0,3363.0,3363.0,3363.0,173.4
2023-01-03 10:35:00,3359.0,3359.0,3359.0,3359.0,86.7
2023-01-03 10:40:00,3357.0,3357.0,3357.0,3357.0,86.7
2023-01-03 10:45:00,3357.0,3357.0,3357.0,3357.0,0.0
2023-01-03 10:50:00,3357.0,3357.0,3353.0,3353.0,2892.6
2023-01-03 10:55:00,3359.0,3359.0,3349.0,3352.0,3061.5
2023-01-03 11:00:00,3351.0,3352.0,3351.0,3352.0,652.5
2023-01-03 11:05:00,3365.0,3365.0,3365.0,3365.0,9.2
2023-01-03 11:10:00,3364.0,3364.0,3364.0,3364.0,404.1
2023-01-03 11:15:00,3364.0,3364.0,3364.0,3364.0,74.3
2023-01-03 11:20:00,3364.0,3364.0,3364.0,3364.0,0.0
2023-01-03 11:25:00,3353.0,3353.0,3353.0,3353.0,40.3
2023-01-03 11:30:00,3353.0,3353.0,3353.0,3353.0,0.0
2023-01-03 11:35:00,3371.0,3371.0,3367.0,3367.0,220.5
2023-01-03 11:40:00,3356.0,3356.0,3356.0,3356.0,2330.4
2023-01-03 11:45:00,3355.0,3355.0,3355.0,3355.0,7.3
2023-01-03 11:50:00,3349.0,3349.0,3349.0,3349.0,245.4
2023-01-03 11:55:00,3351.0,3351.0,3351.0,3351.0,81.8
2023-01-03 12:00:00,3342.0,3342.0,3342.0,3342.0,2798.4
2023-01-03 12:05:00,3360.0,3360.0,3350.0,3350.0,552.8
2023-01-03 12:10:00,3346.0,3346.0,3345.0,3345.0,611.3
2023-01-03 12:15:00,3339.0,3339.0,3339.0,3339.0,12.5
2023-01-03 12:20:00,3350.0,3350.0,3350.0,3350.0,455.6
2023-01-03 12:25:00,3358.0,3383.0,3357.0,3379.0,14620.7
2023-01-03 12:30:00,3372.0,3372.0,3372.0,3372.0,202.1
2023-01-03 12:35:00,3372.0,3372.0,3372.0,3372.0,0.0
2023-01-03 12:40:00,3363.0,3363.0,3363.0,3363.0,148.0
2023-01-03 12:45:00,3363.0,3363.0,3363.0,3363.0,0.0
2023-01-03 12:50:00,3362.0,3362.0,3358.0,3358.0,3888.5
2023-01-03 12:55:00,3359.0,3363.0,3359.0,3363.0,2992.5
2023-01-03 13:00:00,3370.0,3370.0,3370.0,3370.0,56.2
2023-01-03 13:05:00,3368.0,3368.0,3368.0,3368.0,35.3
2023-01-03 13:10:00,3374.0,3374.0,3374.0,3374.0,1437.8
2023-01-03 13:15:00,3377.0,3378.0,3377.0,3378.0,1871.6
2023-01-03 13:20:00,3379.0,3381.0,3379.0,3381.0,1978.1
2023-01-03 13:25:00,3377.0,3377.0,3369.0,3369.0,4459.7
2023-01-03 13:30:00,3369.0,3369.0,3369.0,3369.0,0.0
2023-01-03 13:35:00,3369.0,3369.0,3369.0,3369.0,0.0
2023-01-03 13:40:00,3383.0,3383.0,3383.0,3383.0,14.7
2023-01-03 13:45:00,3383.0,3383.0,3378.0,3383.0,1541.0
2023-01-03 13:50:00,3374.0,3374.0,3369.0,3369.0,990.3
2023-01-03 13:55:00,3369.0,3369.0,3369.0,3369.0,0.0
2023-01-03 14:00:00,3369.0,3369.0,3369.0,3369.0,0.0
2023-01-03 14:05:00,3369.0,3369.0,3369.0,3369.0,0.0
2023-01-03 14:10:00,3385.0,3385.0,3385.0,3385.0,1433.6
2023-01-03 14:15:00,3385.0,3385.0,3385.0,3385.0,0.0
2023-01-03 14:20:00,3367.0,3367.0,3367.0,3367.0,1975.1
2023-01-03 14:25:00,3379.0,3379.0,3379.0,3379.0,461.9
2023-01-03 14:30:00,3377.0,3379.0,3367.0,3367.0,609.0
2023-01-03 14:35:00,3373.0,3373.0,3373.0,3373.0,13.7
2023-01-03 14:40:00,3392.0,3401.0,3392.0,3401.0,26.7
2023-01-03 14:45:00,3390.0,3390.0,3384.0,3384.0,182.5
2023-01-03 14:50:00,3381.0,3381.0,3367.0,3367.0,163.8
2023-01-03 14:55:00,3358.0,3358.0,3345.0,3345.0,78.2
2023-01-03 15:00:00,3360.0,3360.0,3360.0,3360.0,578.2
2023-01-03 15:05:00,3360.0,3360.0,3360.0,3360.0,0.0
2023-01-03 15:10:00,3340.0,3340.0,3340.0,3340.0,8.1
2023-01-03 15:15:00,3340.0,3340.0,3340.0,3340.0,0.0
2023-01-03 15:20:00,3340.0,3340.0,3340.0,3340.0,59.8
2023-01-03 15:25:00,3359.0,3359.0,3359.0,3359.0,27.8
2023-01-03 15:30:00,3353.0,3353.0,3333.0,3333.0,48.5
2023-01-03 15:35:00,3333.0,3333.0,3333.0,3333.0,0.0
2023-01-03 15:40:00,3333.0,3333.0,3333.0,3333.0,47.8
2023-01-03 15:45:00,3331.0,3331.0,3331.0,3331.0,1272.5
2023-01-03 15:50:00,3331.0,3331.0,3331.0,3331.0,0.0
2023-01-03 15:55:00,3348.0,3348.0,3348.0,3348.0,461.9
2023-01-03 16:00:00,3352.0,3355.0,3346.0,3346.0,795.9
2023-01-03 16:05:00,3360.0,3363.0,3360.0,3363.0,65.4
2023-01-03 16:10:00,3363.0,3363.0,3363.0,3363.0,0.0
2023-01-03 16:15:00,3363.0,3363.0,3359.0,3359.0,110.2
2023-01-03 16:20:00,3345.0,3345.0,3345.0,3345.0,58.0
2023-01-03 16:25:00,3337.0,3337.0,3337.0,3337.0,82.7
2023-01-03 16:30:00,3337.0,3337.0,3337.0,3337.0,0.0
2023-01-03 16:35:00,3337.0,3337.0,3337.0,3337.0,0.0
2023-01-03 16:40:00,3337.0,3337.0,3337.0,3337.0,0.0
2023-01-03 16:45:00,3346.0,3346.0,3346.0,3346.0,1440.8
2023-01-03 16:50:00,3346.0,3346.0,3346.0,3346.0,461.9
2023-01-03 16:55:00,3340.0,3340.0,3329.0,3329.0,4564.6
2023-01-03 17:00:00,3327.0,3327.0,3327.0,3327.0,67.1
2023-01-03 17:05:00,3341.0,3341.0,3341.0,3341.0,1019.5
2023-01-03 17:10:00,3342.0,3342.0,3342.0,3342.0,3087.5
2023-01-03 17:15:00,3356.0,3356.0,3349.0,3349.0,25.9
2023-01-03 17:20:00,3346.0,3356.0,3346.0,3356.0,1576.0
2023-01-03 17:25:00,3348.0,3348.0,3340.0,3340.0,1491.5
2023-01-03 17:30:00,3343.0,3343.0,3343.0,3343.0,1447.7
2023-01-03 17:35:00,3349.0,3349.0,3349.0,3349.0,168.2
2023-01-03 17:40:00,3349.0,3349.0,3349.0,3349.0,0.0
2023-01-03 17:45:00,3337.0,3337.0,3337.0,3337.0,57.7
2023-01-03 17:50:00,3337.0,3337.0,3337.0,3337.0,0.0
2023-01-03 17:55:00,3337.0,3337.0,3337.0,3337.0,0.0
2023-01-03 18:00:00,3339.0,3339.0,3338.0,3338.0,1507.7
2023-01-03 18:05:00,3328.0,3328.0,3328.0,3328.0,1449.9
2023-01-03 18:10:00,3328.0,3328.0,3328.0,3328.0,0.0
2023-01-03 18:15:00,3328.0,3328.0,3328.0,3328.0,0.0
2023-01-03 18:20:00,3328.0,3328.0,3328.0,3328.0,0.0
2023-01-03 18:25:00,3328.0,3328.0,3328.0,3328.0,0.0
2023-01-03 18:30:00,3328.0,3328.0,3328.0,3328.0,0.0
2023-01-03 18:35:00,3328.0,3328.0,3328.0,3328.0,0.0
2023-01-03 18:40:00,3328.0,3328.0,3328.0,3328.0,0.0
2023-01-03 18:45:00,3321.0,3321.0,3321.0,3321.0,461.0
2023-01-03 18:50:00,3321.0,3321.0,3321.0,3321.0,0.0
2023-01-03 18:55:00,3325.0,3325.0,3325.0,3325.0,230.5
2023-01-03 19:00:00,3324.0,3324.0,3323.0,3323.0,1566.8
2023-01-03 19:05:00,3321.0,3321.0,3321.0,3321.0,1451.6
2023-01-03 19:10:00,3321.0,3321.0,3321.0,3321.0,0.0
2023-01-03 19:15:00,3321.0,3321.0,3321.0,3321.0,0.0
2023-01-03 19:20:00,3319.0,3319.0,3319.0,3319.0,57.6
2023-01-03 19:25:00,3319.0,3319.0,3319.0,3319.0,0.0
2023-01-03 19:30:00,3319.0,3319.0,3319.0,3319.0,0.0
2023-01-03 19:35:00,3319.0,3319.0,3319.0,3319.0,0.0
2023-01-03 19:40:00,3319.0,3319.0,3319.0,3319.0,0.0
2023-01-03 19:45:00,3323.0,3323.0,3323.0,3323.0,57.7
2023-01-03 19:50:00,3323.0,3323.0,3323.0,3323.0,0.0
2023-01-03 19:55:00,3323.0,3323.0,3323.0,3323.0,0.0
2023-01-03 20:00:00,3327.0,3327.0,3327.0,3327.0,461.0
2023-01-03 20:05:00,3327.0,3327.0,3327.0,3327.0,0.0
2023-01-03 20:10:00,3327.0,3327.0,3327.0,3327.0,0.0
2023-01-03 20:15:00,3327.0,3327.0,3327.0,3327.0,0.0
2023-01-03 20:20:00,3327.0,3327.0,3327.0,3327.0,0.0
2023-01-03 20:25:00,3327.0,3327.0,3327.0,3327.0,0.0
2023-01-03 20:30:00,3327.0,3327.0,3327.0,3327.0,0.0
2023-01-03 20:35:00,3327.0,3327.0,3327.0,3327.0,0.0
2023-01-03 20:40:00,3336.0,3336.0,3335.0,3335.0,2575.1
2023-01-03 20:45:00,3335.0,3335.0,3335.0,3335.0,0.0
2023-01-03 20:50:00,3335.0,3335.0,3335.0,3335.0,0.0
2023-01-03 20:55:00,3335.0,3335.0,3335.0,3335.0,0.0
2023-01-03 21:00:00,3335.0,3335.0,3335.0,3335.0,0.0
2023-01-03 21:05:00,3335.0,3335.0,3335.0,3335.0,0.0
2023-01-03 21:10:00,3332.0,3332.0,3332.0,3332.0,346.6
2023-01-03 21:15:00,3332.0,3332.0,3332.0,3332.0,0.0
2023-01-03 21:20:00,3332.0,3332.0,3332.0,3332.0,0.0
2023-01-03 21:25:00,3332.0,3332.0,3332.0,3332.0,0.0
2023-01-03 21:30:00,3332.0,3332.0,3332.0,3332.0,0.0
2023-01-03 21:35:00,3332.0,3332.0,3332.0,3332.0,0.0
2023-01-03 21:40:00,3328.0,3333.0,3328.0,3333.0,346.7
2023-01-03 21:45:00,3333.0,3333.0,3333.0,3333.0,0.0
2023-01-03 21:50:00,3333.0,3333.0,3333.0,3333.0,0.0
2023-01-03 21:55:00,3333.0,3333.0,3333.0,3333.0,0.0
2023-01-03 22:00:00,3333.0,3333.0,3333.0,3333.0,0.0
2023-01-03 22:05:00,3333.0,3333.0,3333.0,3333.0,0.0
2023-01-03 22:10:00,3327.0,3327.0,3327.0,3327.0,692.8
2023-01-03 22:15:00,3327.0,3327.0,3327.0,3327.0,0.0
2023-01-03 22:20:00,3327.0,3327.0,3327.0,3327.0,0.0
2023-01-03 22:25:00,3327.0,3327.0,3327.0,3327.0,0.0
2023-01-03 22:30:00,3327.0,3327.0,3327.0,3327.0,0.0
2023-01-03 22:35:00,3327.0,3327.0,3327.0,3327.0,0.0
2023-01-03 22:40:00,3327.0,3327.0,3327.0,3327.0,0.0
2023-01-03 22:45:00,3327.0,3327.0,3327.0,3327.0,0.0
2023-01-03 22:50:00,3327.0,3327.0,3327.0,3327.0,0.0
2023-01-03 22:55:00,3327.0,3327.0,3327.0,3327.0,0.0
2023-01-03 23:00:00,3350.0,3350.0,3350.0,3350.0,346.4
2023-01-03 23:05:00,3350.0,3350.0,3350.0,3350.0,0.0
2023-01-03 23:10:00,3350.0,3350.0,3350.0,3350.0,0.0
2023-01-03 23:15:00,3350.0,3350.0,3350.0,3350.0,0.0
2023-01-03 23:20:00,3364.0,3364.0,3364.0,3364.0,29.2
2023-01-03 23:25:00,3364.0,3364.0,3364.0,3364.0,0.0
2023-01-03 23:30:00,3364.0,3364.0,3364.0,3364.0,0.0
2023-01-03 23:35:00,3353.0,3353.0,3353.0,3353.0,173.2
2023-01-03 23:40:00,3353.0,3353.0,3353.0,3353.0,0.0
2023-01-03 23:45:00,3357.0,3360.0,3357.0,3360.0,1272.6
2023-01-03 23:50:00,3360.0,3360.0,3360.0,3360.0,0.0
2023-01-03 23:55:00,3354.0,3358.0,3354.0,3358.0,203.2
2023-01-04 00:00:00,3358.0,3358.0,3358.0,3358.0,0.0
2023-01-04 00:05:00,3358.0,3358.0,3358.0,3358.0,0.0
2023-01-04 00:10:00,3358.0,3358.0,3358.0,3358.0,0.0
2023-01-04 00:15:00,3358.0,3358.0,3358.0,3358.0,0.0
2023-01-04 00:20:00,3358.0,3358.0,3358.0,3358.0,0.0
2023-01-04 00:25:00,3358.0,3358.0,3358.0,3358.0,0.0
2023-01-04 00:30:00,3358.0,3358.0,3358.0,3358.0,0.0
2023-01-04 00:35:00,3358.0,3358.0,3358.0,3358.0,0.0
2023-01-04 00:40:00,3317.0,3318.0,3301.0,3301.0,1046.0
2023-01-04 00:45:00,3311.0,3311.0,3311.0,3311.0,65.0
2023-01-04 00:50:00,3326.0,3380.0,3326.0,3380.0,34.8
2023-01-04 00:55:00,3318.0,3318.0,3318.0,3318.0,65.5
2023-01-04 01:00:00,3318.0,3318.0,3318.0,3318.0,0.0
2023-01-04 01:05:00,3318.0,3318.0,3318.0,3318.0,0.0
2023-01-04 01:10:00,3385.0,3385.0,3385.0,3385.0,21.0
2023-01-04 01:15:00,3385.0,3385.0,3385.0,3385.0,0.0
2023-01-04 01:20:00,3372.0,3372.0,3371.0,3371.0,404.8
2023-01-04 01:25:00,3386.0,3394.0,3386.0,3394.0,212.2
2023-01-04 01:30:00,3379.0,3379.0,3379.0,3379.0,166.5
2023-01-04 01:35:00,3379.0,3379.0,3379.0,3379.0,0.0
2023-01-04 01:40:00,3379.0,3379.0,3379.0,3379.0,0.0
2023-01-04 01:45:00,3379.0,3379.0,3379.0,3379.0,0.0
2023-01-04 01:50:00,3379.0,3379.0,3379.0,3379.0,0.0
2023-01-04 01:55:00,3363.0,3363.0,3363.0,3363.0,90.5
2023-01-04 02:00:00,3357.0,3357.0,3357.0,3357.0,31.9
2023-01-04 02:05:00,3357.0,3357.0,3357.0,3357.0,0.0
2023-01-04 02:10:00,3359.0,3359.0,3359.0,3359.0,33.3
2023-01-04 02:15:00,3359.0,3359.0,3359.0,3359.0,0.0
2023-01-04 02:20:00,3359.0,3359.0,3359.0,3359.0,0.0
2023-01-04 02:25:00,3359.0,3359.0,3359.0,3359.0,0.0
2023-01-04 02:30:00,3359.0,3359.0,3359.0,3359.0,0.0
2023-01-04 02:35:00,3359.0,3359.0,3359.0,3359.0,0.0
2023-01-04 02:40:00,3359.0,3359.0,3359.0,3359.0,0.0
2023-01-04 02:45:00,3359.0,3359.0,3359.0,3359.0,0.0
2023-01-04 02:50:00,3359.0,3359.0,3359.0,3359.0,0.0
2023-01-04 02:55:00,3359.0,3359.0,3359.0,3359.0,0.0
2023-01-04 03:00:00,3359.0,3359.0,3359.0,3359.0,0.0
2023-01-04 03:05:00,3427.0,3435.0,3427.0,3435.0,1302.4
2023-01-04 03:10:00,3416.0,3435.0,3416.0,3435.0,455.9
2023-01-04 03:15:00,3427.0,3427.0,3427.0,3427.0,54.7
2023-01-04 03:20:00,3411.0,3411.0,3411.0,3411.0,225.0
2023-01-04 03:25:00,3411.0,3411.0,3411.0,3411.0,0.0
2023-01-04 03:30:00,3411.0,3411.0,3411.0,3411.0,0.0
2023-01-04 03:35:00,3411.0,3411.0,3411.0,3411.0,0.0
2023-01-04 03:40:00,3404.0,3406.0,3404.0,3406.0,141.3
2023-01-04 03:45:00,3409.0,3409.0,3408.0,3408.0,112.6
2023-01-04 03:50:00,3410.0,3420.0,3410.0,3420.0,34.1
2023-01-04 03:55:00,3447.0,3447.0,3446.0,3446.0,473.2
2023-01-04 04:00:00,3446.0,3446.0,3445.0,3445.0,10415.5
2023-01-04 04:05:00,3446.0,3446.0,3421.0,3421.0,4211.1
2023-01-04 04:10:00,3422.0,3422.0,3385.0,3385.0,2365.7
2023-01-04 04:15:00,3385.0,3385.0,3385.0,3385.0,0.0
2023-01-04 04:20:00,3385.0,3385.0,3385.0,3385.0,0.0
2023-01-04 04:25:00,3407.0,3409.0,3407.0,3408.0,2829.4
2023-01-04 04:30:00,3407.0,3407.0,3407.0,3407.0,204.8
2023-01-04 04:35:00,3411.0,3411.0,3407.0,3407.0,937.4
2023-01-04 04:40:00,3407.0,3407.0,3407.0,3407.0,0.0
2023-01-04 04:45:00,3412.0,3421.0,3412.0,3421.0,4931.3
2023-01-04 04:50:00,3409.0,3409.0,3409.0,3409.0,426.3
2023-01-04 04:55:00,3407.0,3407.0,3399.0,3399.0,115.2
2023-01-04 05:00:00,3395.0,3395.0,3395.0,3395.0,213.1
2023-01-04 05:05:00,3387.0,3387.0,3387.0,3387.0,59.4
2023-01-04 05:10:00,3383.0,3383.0,3378.0,3378.0,159.9
2023-01-04 05:15:00,3378.0,3378.0,3378.0,3378.0,0.0
2023-01-04 05:20:00,3378.0,3378.0,3378.0,3378.0,0.0
2023-01-04 05:25:00,3378.0,3378.0,3378.0,3378.0,0.0
2023-01-04 05:30:00,3378.0,3378.0,3378.0,3378.0,0.0
2023-01-04 05:35:00,3378.0,3378.0,3378.0,3378.0,0.0
2023-01-04 05:40:00,3401.0,3401.0,3401.0,3401.0,53.3
2023-01-04 05:45:00,3400.0,3400.0,3400.0,3400.0,100.0
2023-01-04 05:50:00,3403.0,3403.0,3403.0,3403.0,19.0
2023-01-04 05:55:00,3403.0,3403.0,3403.0,3403.0,0.0
2023-01-04 06:00:00,3403.0,3403.0,3403.0,3403.0,0.0
2023-01-04 06:05:00,3403.0,3403.0,3403.0,3403.0,0.0
2023-01-04 06:10:00,3403.0,3403.0,3403.0,3403.0,0.0
2023-01-04 06:15:00,3418.0,3418.0,3418.0,3418.0,29.8
2023-01-04 06:20:00,3418.0,3418.0,3418.0,3418.0,0.0
2023-01-04 06:25:00,3417.0,3417.0,3417.0,3417.0,40.2
2023-01-04 06:30:00,3417.0,3417.0,3417.0,3417.0,0.0
2023-01-04 06:35:00,3417.0,3417.0,3417.0,3417.0,0.0
2023-01-04 06:40:00,3412.0,3412.0,3412.0,3412.0,700.0
2023-01-04 06:45:00,3413.0,3420.0,3413.0,3420.0,373.5
2023-01-04 06:50:00,3424.0,3433.0,3416.0,3416.0,236.0
2023-01-04 06:55:00,3416.0,3416.0,3416.0,3416.0,0.0
2023-01-04 07:00:00,3442.0,3442.0,3437.0,3437.0,1462.6
2023-01-04 07:05:00,3425.0,3437.0,3425.0,3429.0,100.0
2023-01-04 07:10:00,3429.0,3429.0,3429.0,3429.0,0.0
2023-01-04 07:15:00,3431.0,3431.0,3431.0,3431.0,1407.4
2023-01-04 07:20:00,3432.0,3439.0,3432.0,3439.0,6653.6
2023-01-04 07:25:00,3434.0,3434.0,3427.0,3427.0,171.0
2023-01-04 07:30:00,3430.0,3430.0,3430.0,3430.0,116.7
2023-01-04 07:35:00,3426.0,3426.0,3426.0,3426.0,58.3
2023-01-04 07:40:00,3426.0,3426.0,3426.0,3426.0,0.0
2023-01-04 07:45:00,3445.0,3445.0,3445.0,3445.0,58.4
2023-01-04 07:50:00,3445.0,3445.0,3445.0,3445.0,0.0
2023-01-04 07:55:00,3445.0,3445.0,3445.0,3445.0,0.0
2023-01-04 08:00:00,3445.0,3445.0,3445.0,3445.0,20.8
2023-01-04 08:05:00,3445.0,3445.0,3445.0,3445.0,0.0
2023-01-04 08:10:00,3430.0,3430.0,3430.0,3430.0,466.7
2023-01-04 08:15:00,3430.0,3430.0,3430.0,3430.0,0.0
2023-01-04 08:20:00,3437.0,3437.0,3410.0,3410.0,487.1
2023-01-04 08:25:00,3416.0,3416.0,3416.0,3416.0,233.3
2023-01-04 08:30:00,3412.0,3412.0,3412.0,3412.0,350.0
2023-01-04 08:35:00,3410.0,3418.0,3410.0,3418.0,304.9
2023-01-04 08:40:00,3413.0,3413.0,3413.0,3413.0,145.8
2023-01-04 08:45:00,3415.0,3415.0,3415.0,3415.0,99.6
2023-01-04 08:50:00,3415.0,3415.0,3415.0,3415.0,43.6
2023-01-04 08:55:00,3415.0,3415.0,3415.0,3415.0,0.0
2023-01-04 09:00:00,3420.0,3420.0,3412.0,3414.0,1674.8
2023-01-04 09:05:00,3414.0,3414.0,3414.0,3414.0,0.0
2023-01-04 09:10:00,3406.0,3406.0,3406.0,3406.0,148.2
2023-01-04 09:15:00,3406.0,3406.0,3406.0,3406.0,0.0
2023-01-04 09:20:00,3406.0,3406.0,3406.0,3406.0,0.0
2023-01-04 09:25:00,3407.0,3407.0,3407.0,3407.0,74.1
2023-01-04 09:30:00,3407.0,3407.0,3407.0,3407.0,0.0
2023-01-04 09:35:00,3407.0,3407.0,3407.0,3407.0,0.0
2023-01-04 09:40:00,3407.0,3407.0,3407.0,3407.0,0.0
2023-01-04 09:45:00,3407.0,3407.0,3407.0,3407.0,0.0
2023-01-04 09:50:00,3407.0,3407.0,3407.0,3407.0,0.0
2023-01-04 09:55:00,3407.0,3407.0,3407.0,3407.0,0.0
2023-01-04 10:00:00,3416.0,3416.0,3416.0,3416.0,74.1
2023-01-04 10:05:00,3416.0,3416.0,3416.0,3416.0,0.0
2023-01-04 10:10:00,3416.0,3416.0,3416.0,3416.0,0.0
2023-01-04 10:15:00,3416.0,3416.0,3416.0,3416.0,0.0
2023-01-04 10:20:00,3416.0,3416.0,3416.0,3416.0,0.0
2023-01-04 10:25:00,3411.0,3411.0,3411.0,3411.0,95.9
2023-01-04 10:30:00,3411.0,3411.0,3411.0,3411.0,0.0
2023-01-04 10:35:00,3462.0,3462.0,3462.0,3462.0,18.0
2023-01-04 10:40:00,3408.0,3410.0,3408.0,3410.0,3085.8
2023-01-04 10:45:00,3410.0,3410.0,3410.0,3410.0,0.0
2023-01-04 10:50:00,3410.0,3410.0,3410.0,3410.0,0.0
2023-01-04 10:55:00,3410.0,3410.0,3410.0,3410.0,0.0
2023-01-04 11:00:00,3408.0,3408.0,3408.0,3408.0,14.9
2023-01-04 11:05:00,3401.0,3401.0,3401.0,3401.0,116.7
2023-01-04 11:10:00,3401.0,3401.0,3401.0,3401.0,0.0
2023-01-04 11:15:00,3393.0,3393.0,3393.0,3393.0,17.0
2023-01-04 11:20:00,3393.0,3393.0,3393.0,3393.0,0.0
2023-01-04 11:25:00,3393.0,3393.0,3393.0,3393.0,0.0
2023-01-04 11:30:00,3393.0,3393.0,3393.0,3393.0,0.0
2023-01-04 11:35:00,3393.0,3393.0,3393.0,3393.0,0.0
2023-01-04 11:40:00,3393.0,3393.0,3393.0,3393.0,0.0
2023-01-04 11:45:00,3393.0,3393.0,3393.0,3393.0,0.0
2023-01-04 11:50:00,3393.0,3393.0,3393.0,3393.0,0.0
2023-01-04 11:55:00,3393.0,3393.0,3393.0,3393.0,0.0
2023-01-04 12:00:00,3407.0,3407.0,3407.0,3407.0,35.0
2023-01-04 12:05:00,3407.0,3407.0,3407.0,3407.0,0.0
2023-01-04 12:10:00,3402.0,3409.0,3402.0,3409.0,1392.6
2023-01-04 12:15:00,3410.0,3410.0,3410.0,3410.0,8.7
2023-01-04 12:20:00,3410.0,3410.0,3410.0,3410.0,0.0
2023-01-04 12:25:00,3418.0,3418.0,3410.0,3411.0,4358.2
2023-01-04 12:30:00,3411.0,3411.0,3411.0,3411.0,0.0
2023-01-04 12:35:00,3409.0,3409.0,3409.0,3409.0,59.6
2023-01-04 12:40:00,3409.0,3409.0,3409.0,3409.0,35.7
2023-01-04 12:45:00,3409.0,3409.0,3397.0,3397.0,247.7
2023-01-04 12:50:00,3393.0,3393.0,3384.0,3384.0,189.5
2023-01-04 12:55:00,3384.0,3384.0,3384.0,3384.0,0.0
2023-01-04 13:00:00,3393.0,3393.0,3393.0,3393.0,1418.5
2023-01-04 13:05:00,3402.0,3402.0,3402.0,3402.0,1803.4
2023-01-04 13:10:00,3404.0,3404.0,3382.0,3382.0,3336.2
2023-01-04 13:15:00,3401.0,3401.0,3401.0,3401.0,11.9
2023-01-04 13:20:00,3401.0,3410.0,3401.0,3410.0,203.8
2023-01-04 13:25:00,3410.0,3410.0,3410.0,3410.0,0.0
2023-01-04 13:30:00,3410.0,3410.0,3410.0,3410.0,0.0
2023-01-04 13:35:00,3410.0,3410.0,3410.0,3410.0,0.0
2023-01-04 13:40:00,3410.0,3410.0,3410.0,3410.0,0.0
2023-01-04 13:45:00,3417.0,3417.0,3417.0,3417.0,339.5
2023-01-04 13:50:00,3417.0,3417.0,3417.0,3417.0,0.0
2023-01-04 13:55:00,3410.0,3410.0,3410.0,3410.0,16.7
2023-01-04 14:00:00,3411.0,3411.0,3411.0,3411.0,2285.7
2023-01-04 14:05:00,3411.0,3411.0,3411.0,3411.0,0.0
2023-01-04 14:10:00,3410.0,3410.0,3410.0,3410.0,8.0
2023-01-04 14:15:00,3402.0,3403.0,3402.0,3403.0,1579.7
2023-01-04 14:20:00,3403.0,3403.0,3403.0,3403.0,0.0
2023-01-04 14:25:00,3404.0,3411.0,3404.0,3408.0,1628.9
2023-01-04 14:30:00,3408.0,3408.0,3398.0,3398.0,912.0
2023-01-04 14:35:00,3409.0,3419.0,3409.0,3418.0,375.3
2023-01-04 14:40:00,3423.0,3423.0,3410.0,3410.0,77.8
2023-01-04 14:45:00,3410.0,3410.0,3410.0,3410.0,0.0
2023-01-04 14:50:00,3410.0,3410.0,3410.0,3410.0,0.0
2023-01-04 14:55:00,3410.0,3410.0,3410.0,3410.0,0.0
2023-01-04 15:00:00,3406.0,3406.0,3406.0,3406.0,48.8
2023-01-04 15:05:00,3380.0,3380.0,3380.0,3380.0,28.9
2023-01-04 15:10:00,3380.0,3380.0,3380.0,3380.0,0.0
2023-01-04 15:15:00,3383.0,3400.0,3383.0,3400.0,47.4
2023-01-04 15:20:00,3384.0,3384.0,3384.0,3384.0,23.0
2023-01-04 15:25:00,3384.0,3384.0,3384.0,3384.0,0.0
2023-01-04 15:30:00,3384.0,3384.0,3384.0,3384.0,0.0
2023-01-04 15:35:00,3405.0,3405.0,3405.0,3405.0,120.0
2023-01-04 15:40:00,3405.0,3405.0,3405.0,3405.0,10.0
2023-01-04 15:45:00,3407.0,3407.0,3407.0,3407.0,1491.0
2023-01-04 15:50:00,3407.0,3407.0,3407.0,3407.0,0.0
2023-01-04 15:55:00,3411.0,3411.0,3411.0,3411.0,35.6
2023-01-04 16:00:00,3432.0,3438.0,3432.0,3438.0,25.2
2023-01-04 16:05:00,3419.0,3419.0,3419.0,3419.0,8.4
2023-01-04 16:10:00,3448.0,3448.0,3448.0,3448.0,297.9
2023-01-04 16:15:00,3448.0,3448.0,3448.0,3448.0,0.0
2023-01-04 16:20:00,3430.0,3430.0,3429.0,3429.0,886.9
2023-01-04 16:25:00,3429.0,3429.0,3429.0,3429.0,0.0
2023-01-04 16:30:00,3429.0,3429.0,3429.0,3429.0,0.0
2023-01-04 16:35:00,3429.0,3429.0,3429.0,3429.0,85.9
2023-01-04 16:40:00,3429.0,3429.0,3429.0,3429.0,12.6
2023-01-04 16:45:00,3429.0,3429.0,3429.0,3429.0,0.0
2023-01-04 16:50:00,3429.0,3429.0,3429.0,3429.0,0.0
2023-01-04 16:55:00,3442.0,3442.0,3442.0,3442.0,145.3
2023-01-04 17:00:00,3440.0,3440.0,3424.0,3424.0,84.7
2023-01-04 17:05:00,3422.0,3422.0,3422.0,3422.0,177.0
2023-01-04 17:10:00,3422.0,3422.0,3422.0,3422.0,0.0
2023-01-04 17:15:00,3422.0,3422.0,3422.0,3422.0,0.0
2023-01-04 17:20:00,3422.0,3422.0,3422.0,3422.0,0.0
2023-01-04 17:25:00,3462.0,3462.0,3462.0,3462.0,75.2
2023-01-04 17:30:00,3462.0,3464.0,3462.0,3464.0,236.0
2023-01-04 17:35:00,3464.0,3464.0,3464.0,3464.0,0.0
2023-01-04 17:40:00,3464.0,3464.0,3464.0,3464.0,0.0
2023-01-04 17:45:00,3455.0,3455.0,3454.0,3454.0,299.9
2023-01-04 17:50:00,3454.0,3454.0,3454.0,3454.0,0.0
2023-01-04 17:55:00,3454.0,3454.0,3454.0,3454.0,0.0
2023-01-04 18:00:00,3454.0,3454.0,3454.0,3454.0,0.0
2023-01-04 18:05:00,3454.0,3454.0,3454.0,3454.0,0.0
2023-01-04 18:10:00,3454.0,3454.0,3454.0,3454.0,0.0
2023-01-04 18:15:00,3454.0,3454.0,3454.0,3454.0,0.0
2023-01-04 18:20:00,3454.0,3454.0,3454.0,3454.0,0.0
2023-01-04 18:25:00,3454.0,3454.0,3454.0,3454.0,0.0
2023-01-04 18:30:00,3454.0,3454.0,3454.0,3454.0,0.0
2023-01-04 18:35:00,3454.0,3454.0,3454.0,3454.0,0.0
2023-01-04 18:40:00,3454.0,3454.0,3454.0,3454.0,0.0
2023-01-04 18:45:00,3454.0,3454.0,3454.0,3454.0,0.0
2023-01-04 18:50:00,3454.0,3454.0,3454.0,3454.0,0.0
2023-01-04 18:55:00,3454.0,3454.0,3454.0,3454.0,0.0
2023-01-04 19:00:00,3422.0,3422.0,3405.0,3405.0,804.0
2023-01-04 19:05:00,3405.0,3405.0,3405.0,3405.0,0.0
2023-01-04 19:10:00,3411.0,3411.0,3411.0,3411.0,409.2
2023-01-04 19:15:00,3411.0,3411.0,3411.0,3411.0,0.0
2023-01-04 19:20:00,3427.0,3427.0,3427.0,3427.0,204.6
2023-01-04 19:25:00,3400.0,3400.0,3400.0,3400.0,2056.0
2023-01-04 19:30:00,3386.0,3392.0,3386.0,3392.0,514.4
2023-01-04 19:35:00,3392.0,3392.0,3392.0,3392.0,0.0
2023-01-04 19:40:00,3403.0,3403.0,3403.0,3403.0,284.3
2023-01-04 19:45:00,3403.0,3403.0,3403.0,3403.0,0.0
2023-01-04 19:50:00,3403.0,3403.0,3403.0,3403.0,0.0
2023-01-04 19:55:00,3389.0,3389.0,3389.0,3389.0,142.2
2023-01-04 20:00:00,3396.0,3397.0,3396.0,3397.0,142.2
2023-01-04 20:05:00,3397.0,3397.0,3397.0,3397.0,0.0
2023-01-04 20:10:00,3397.0,3397.0,3397.0,3397.0,18.9
2023-01-04 20:15:00,3397.0,3397.0,3397.0,3397.0,0.0
2023-01-04 20:20:00,3397.0,3397.0,3397.0,3397.0,0.0
2023-01-04 20:25:00,3397.0,3397.0,3397.0,3397.0,0.0
2023-01-04 20:30:00,3397.0,3397.0,3397.0,3397.0,0.0
2023-01-04 20:35:00,3364.0,3364.0,3364.0,3364.0,6.4
2023-01-04 20:40:00,3351.0,3351.0,3350.0,3350.0,1959.4
2023-01-04 20:45:00,3351.0,3351.0,3351.0,3351.0,350.0
2023-01-04 20:50:00,3351.0,3351.0,3351.0,3351.0,0.0
2023-01-04 20:55:00,3350.0,3350.0,3350.0,3350.0,7.9
2023-01-04 21:00:00,3361.0,3361.0,3361.0,3361.0,62.3
2023-01-04 21:05:00,3361.0,3361.0,3361.0,3361.0,0.0
2023-01-04 21:10:00,3371.0,3371.0,3371.0,3371.0,62.3
2023-01-04 21:15:00,3371.0,3371.0,3371.0,3371.0,0.0
2023-01-04 21:20:00,3383.0,3383.0,3383.0,3383.0,43.7
2023-01-04 21:25:00,3383.0,3383.0,3383.0,3383.0,0.0
2023-01-04 21:30:00,3383.0,3383.0,3383.0,3383.0,0.0
2023-01-04 21:35:00,3370.0,3370.0,3361.0,3361.0,932.7
2023-01-04 21:40:00,3361.0,3361.0,3361.0,3361.0,0.0
2023-01-04 21:45:00,3366.0,3366.0,3366.0,3366.0,350.0
2023-01-04 21:50:00,3366.0,3366.0,3366.0,3366.0,0.0
2023-01-04 21:55:00,3363.0,3363.0,3363.0,3363.0,7.7
2023-01-04 22:00:00,3363.0,3363.0,3363.0,3363.0,0.0
2023-01-04 22:05:00,3363.0,3363.0,3363.0,3363.0,0.0
2023-01-04 22:10:00,3363.0,3363.0,3363.0,3363.0,26.7
2023-01-04 22:15:00,3363.0,3363.0,3363.0,3363.0,0.0
2023-01-04 22:20:00,3363.0,3363.0,3363.0,3363.0,0.0
2023-01-04 22:25:00,3369.0,3370.0,3369.0,3370.0,553.6
2023-01-04 22:30:00,3370.0,3370.0,3370.0,3370.0,0.0
2023-01-04 22:35:00,3374.0,3374.0,3374.0,3374.0,85.6
2023-01-04 22:40:00,3374.0,3374.0,3374.0,3374.0,0.0
2023-01-04 22:45:00,3374.0,3374.0,3374.0,3374.0,0.0
2023-01-04 22:50:00,3374.0,3374.0,3374.0,3374.0,62.6
2023-01-04 22:55:00,3374.0,3374.0,3374.0,3374.0,0.0
2023-01-04 23:00:00,3374.0,3374.0,3374.0,3374.0,0.0
2023-01-04 23:05:00,3374.0,3374.0,3374.0,3374.0,0.0
2023-01-04 23:10:00,3374.0,3374.0,3374.0,3374.0,0.0
2023-01-04 23:15:00,3374.0,3374.0,3374.0,3374.0,0.0
2023-01-04 23:20:00,3390.0,3390.0,3390.0,3390.0,136.5
2023-01-04 23:25:00,3400.0,3400.0,3400.0,3400.0,68.2
2023-01-04 23:30:00,3400.0,3400.0,3400.0,3400.0,0.0
2023-01-04 23:35:00,3400.0,3400.0,3400.0,3400.0,0.0
2023-01-04 23:40:00,3403.0,3403.0,3403.0,3403.0,68.3
2023-01-04 23:45:00,3403.0,3403.0,3403.0,3403.0,0.0
2023-01-04 23:50:00,3403.0,3403.0,3403.0,3403.0,0.0
2023-01-04 23:55:00,3403.0,3403.0,3403.0,3403.0,0.0
2023-01-05 00:00:00,3403.0,3403.0,3403.0,3403.0,0.0
2023-01-05 00:05:00,3403.0,3403.0,3403.0,3403.0,0.0
2023-01-05 00:10:00,3403.0,3403.0,3403.0,3403.0,0.0
2023-01-05 00:15:00,3430.0,3435.0,3430.0,3435.0,2284.7
2023-01-05 00:20:00,3435.0,3435.0,3435.0,3435.0,0.0
2023-01-05 00:25:00,3451.0,3451.0,3451.0,3451.0,50.0
2023-01-05 00:30:00,3440.0,3440.0,3430.0,3430.0,2949.0
2023-01-05 00:35:00,3430.0,3430.0,3430.0,3430.0,26.5
2023-01-05 00:40:00,3430.0,3430.0,3430.0,3430.0,0.0
2023-01-05 00:45:00,3430.0,3430.0,3430.0,3430.0,0.0
2023-01-05 00:50:00,3421.0,3421.0,3421.0,3421.0,342.5
2023-01-05 00:55:00,3421.0,3421.0,3421.0,3421.0,0.0
2023-01-05 01:00:00,3421.0,3421.0,3421.0,3421.0,0.0
2023-01-05 01:05:00,3415.0,3415.0,3415.0,3415.0,7.0
2023-01-05 01:10:00,3415.0,3415.0,3415.0,3415.0,0.0
2023-01-05 01:15:00,3415.0,3415.0,3415.0,3415.0,0.0
2023-01-05 01:20:00,3412.0,3415.0,3412.0,3415.0,1053.2
2023-01-05 01:25:00,3418.0,3418.0,3418.0,3418.0,85.7
2023-01-05 01:30:00,3418.0,3418.0,3418.0,3418.0,0.0
2023-01-05 01:35:00,3418.0,3418.0,3418.0,3418.0,0.0
2023-01-05 01:40:00,3418.0,3418.0,3418.0,3418.0,0.0
2023-01-05 01:45:00,3435.0,3435.0,3435.0,3435.0,76.7
2023-01-05 01:50:00,3435.0,3435.0,3435.0,3435.0,0.0
2023-01-05 01:55:00,3435.0,3435.0,3435.0,3435.0,0.0
2023-01-05 02:00:00,3435.0,3435.0,3435.0,3435.0,0.0
2023-01-05 02:05:00,3433.0,3433.0,3433.0,3433.0,2183.4
2023-01-05 02:10:00,3433.0,3433.0,3433.0,3433.0,0.0
2023-01-05 02:15:00,3421.0,3421.0,3421.0,3421.0,456.7
2023-01-05 02:20:00,3421.0,3421.0,3421.0,3421.0,0.0
2023-01-05 02:25:00,3426.0,3427.0,3426.0,3427.0,262.8
2023-01-05 02:30:00,3427.0,3427.0,3427.0,3427.0,0.0
2023-01-05 02:35:00,3427.0,3427.0,3427.0,3427.0,0.0
2023-01-05 02:40:00,3427.0,3427.0,3427.0,3427.0,0.0
2023-01-05 02:45:00,3427.0,3427.0,3427.0,3427.0,0.0
2023-01-05 02:50:00,3427.0,3427.0,3427.0,3427.0,0.0
2023-01-05 02:55:00,3438.0,3447.0,3438.0,3445.0,680.1
2023-01-05 03:00:00,3449.0,3449.0,3445.0,3445.0,478.4
2023-01-05 03:05:00,3445.0,3445.0,3445.0,3445.0,0.0
2023-01-05 03:10:00,3445.0,3445.0,3445.0,3445.0,0.0
2023-01-05 03:15:00,3445.0,3445.0,3445.0,3445.0,1576.3
2023-01-05 03:20:00,3445.0,3445.0,3445.0,3445.0,0.0
2023-01-05 03:25:00,3445.0,3445.0,3445.0,3445.0,0.0
2023-01-05 03:30:00,3445.0,3445.0,3445.0,3445.0,0.0
2023-01-05 03:35:00,3435.0,3441.0,3434.0,3441.0,1372.9
2023-01-05 03:40:00,3437.0,3439.0,3437.0,3439.0,587.3
2023-01-05 03:45:00,3437.0,3442.0,3437.0,3442.0,622.7
2023-01-05 03:50:00,3443.0,3445.0,3443.0,3445.0,194.8
2023-01-05 03:55:00,3445.0,3445.0,3445.0,3445.0,0.0
2023-01-05 04:00:00,3449.0,3460.0,3449.0,3460.0,390.7
2023-01-05 04:05:00,3463.0,3463.0,3463.0,3463.0,1389.4
2023-01-05 04:10:00,3475.0,3481.0,3475.0,3481.0,1748.8
2023-01-05 04:15:00,3481.0,3481.0,3481.0,3481.0,0.0
2023-01-05 04:20:00,3481.0,3481.0,3481.0,3481.0,0.0
2023-01-05 04:25:00,3481.0,3481.0,3481.0,3481.0,0.0
2023-01-05 04:30:00,3480.0,3480.0,3480.0,3480.0,140.8
2023-01-05 04:35:00,3472.0,3472.0,3472.0,3472.0,89.6
2023-01-05 04:40:00,3472.0,3472.0,3472.0,3472.0,0.0
2023-01-05 04:45:00,3472.0,3472.0,3472.0,3472.0,0.0
2023-01-05 04:50:00,3472.0,3472.0,3472.0,3472.0,0.0
2023-01-05 04:55:00,3472.0,3472.0,3472.0,3472.0,0.0
2023-01-05 05:00:00,3472.0,3472.0,3472.0,3472.0,0.0
2023-01-05 05:05:00,3472.0,3472.0,3472.0,3472.0,0.0
2023-01-05 05:10:00,3472.0,3472.0,3472.0,3472.0,0.0
2023-01-05 05:15:00,3444.0,3444.0,3444.0,3444.0,10.9
2023-01-05 05:20:00,3472.0,3472.0,3472.0,3472.0,288.0
2023-01-05 05:25:00,3472.0,3472.0,3472.0,3472.0,25.0
2023-01-05 05:30:00,3473.0,3473.0,3473.0,3473.0,6.3
2023-01-05 05:35:00,3473.0,3473.0,3473.0,3473.0,0.0
2023-01-05 05:40:00,3473.0,3473.0,3473.0,3473.0,0.0
2023-01-05 05:45:00,3473.0,3473.0,3473.0,3473.0,0.0
2023-01-05 05:50:00,3468.0,3468.0,3458.0,3458.0,3214.6
2023-01-05 05:55:00,3472.0,3472.0,3472.0,3472.0,1392.7
2023-01-05 06:00:00,3472.0,3472.0,3472.0,3472.0,0.0
2023-01-05 06:05:00,3472.0,3472.0,3472.0,3472.0,0.0
2023-01-05 06:10:00,3472.0,3472.0,3472.0,3472.0,0.0
2023-01-05 06:15:00,3472.0,3472.0,3472.0,3472.0,0.0
2023-01-05 06:20:00,3472.0,3472.0,3472.0,3472.0,0.0
2023-01-05 06:25:00,3472.0,3472.0,3472.0,3472.0,0.0
2023-01-05 06:30:00,3472.0,3472.0,3472.0,3472.0,0.0
2023-01-05 06:35:00,3434.0,3434.0,3434.0,3434.0,456.7
2023-01-05 06:40:00,3434.0,3434.0,3434.0,3434.0,60.0
2023-01-05 06:45:00,3434.0,3434.0,3434.0,3434.0,0.0
2023-01-05 06:50:00,3434.0,3434.0,3434.0,3434.0,379.4
2023-01-05 06:55:00,3436.0,3436.0,3434.0,3434.0,387.5
2023-01-05 07:00:00,3434.0,3434.0,3434.0,3434.0,0.0
2023-01-05 07:05:00,3434.0,3434.0,3434.0,3434.0,0.0
2023-01-05 07:10:00,3429.0,3429.0,3429.0,3429.0,1253.2
2023-01-05 07:15:00,3429.0,3429.0,3429.0,3429.0,0.0
2023-01-05 07:20:00,3421.0,3421.0,3420.0,3420.0,129.2
2023-01-05 07:25:00,3420.0,3420.0,3420.0,3420.0,0.0
2023-01-05 07:30:00,3399.0,3399.0,3399.0,3399.0,8.9
2023-01-05 07:35:00,3399.0,3399.0,3399.0,3399.0,0.0
2023-01-05 07:40:00,3399.0,3399.0,3399.0,3399.0,0.0
2023-01-05 07:45:00,3399.0,3399.0,3399.0,3399.0,0.0
2023-01-05 07:50:00,3399.0,3399.0,3399.0,3399.0,0.0
2023-01-05 07:55:00,3411.0,3411.0,3411.0,3411.0,10.4
2023-01-05 08:00:00,3411.0,3411.0,3411.0,3411.0,0.0
2023-01-05 08:05:00,3411.0,3411.0,3411.0,3411.0,0.0
2023-01-05 08:10:00,3411.0,3411.0,3411.0,3411.0,127.3
2023-01-05 08:15:00,3411.0,3411.0,3411.0,3411.0,0.0
2023-01-05 08:20:00,3400.0,3400.0,3400.0,3400.0,87.0
2023-01-05 08:25:00,3400.0,3400.0,3400.0,3400.0,0.0
2023-01-05 08:30:00,3400.0,3400.0,3400.0,3400.0,0.0
2023-01-05 08:35:00,3399.0,3399.0,3399.0,3399.0,14.3
2023-01-05 08:40:00,3390.0,3390.0,3390.0,3390.0,22.8
2023-01-05 08:45:00,3390.0,3390.0,3390.0,3390.0,0.0
2023-01-05 08:50:00,3390.0,3390.0,3390.0,3390.0,0.0
2023-01-05 08:55:00,3390.0,3390.0,3390.0,3390.0,0.0
2023-01-05 09:00:00,3390.0,3390.0,3390.0,3390.0,0.0
2023-01-05 09:05:00,3390.0,3390.0,3390.0,3390.0,0.0
2023-01-05 09:10:00,3390.0,3390.0,3390.0,3390.0,0.0
2023-01-05 09:15:00,3390.0,3390.0,3390.0,3390.0,0.0
2023-01-05 09:20:00,3390.0,3390.0,3390.0,3390.0,0.0
2023-01-05 09:25:00,3397.0,3397.0,3397.0,3397.0,32.3
2023-01-05 09:30:00,3397.0,3397.0,3397.0,3397.0,371.6
2023-01-05 09:35:00,3397.0,3397.0,3397.0,3397.0,0.0
2023-01-05 09:40:00,3409.0,3409.0,3409.0,3409.0,6.4
2023-01-05 09:45:00,3393.0,3393.0,3393.0,3393.0,63.9
2023-01-05 09:50:00,3393.0,3393.0,3393.0,3393.0,0.0
2023-01-05 09:55:00,3393.0,3393.0,3393.0,3393.0,0.0
2023-01-05 10:00:00,3399.0,3400.0,3399.0,3400.0,1028.7
2023-01-05 10:05:00,3412.0,3412.0,3410.0,3410.0,27.4
2023-01-05 10:10:00,3407.0,3407.0,3407.0,3407.0,168.6
2023-01-05 10:15:00,3407.0,3407.0,3407.0,3407.0,0.0
2023-01-05 10:20:00,3407.0,3407.0,3407.0,3407.0,0.0
2023-01-05 10:25:00,3427.0,3427.0,3409.0,3427.0,103.2
2023-01-05 10:30:00,3427.0,3427.0,3427.0,3427.0,0.0
2023-01-05 10:35:00,3423.0,3423.0,3423.0,3423.0,5.8
2023-01-05 10:40:00,3423.0,3423.0,3423.0,3423.0,0.0
2023-01-05 10:45:00,3423.0,3423.0,3423.0,3423.0,0.0
2023-01-05 10:50:00,3423.0,3423.0,3423.0,3423.0,0.0
2023-01-05 10:55:00,3429.0,3429.0,3419.0,3419.0,71.9
2023-01-05 11:00:00,3419.0,3419.0,3419.0,3419.0,0.0
2023-01-05 11:05:00,3429.0,3429.0,3429.0,3429.0,22.2
2023-01-05 11:10:00,3429.0,3429.0,3429.0,3429.0,0.0
2023-01-05 11:15:00,3429.0,3429.0,3429.0,3429.0,0.0
2023-01-05 11:20:00,3424.0,3424.0,3424.0,3424.0,5.8
2023-01-05 11:25:00,3410.0,3410.0,3410.0,3410.0,14.5
2023-01-05 11:30:00,3410.0,3410.0,3410.0,3410.0,0.0
2023-01-05 11:35:00,3434.0,3434.0,3434.0,3434.0,36.5
2023-01-05 11:40:00,3434.0,3434.0,3434.0,3434.0,0.0
2023-01-05 11:45:00,3434.0,3434.0,3434.0,3434.0,0.0
2023-01-05 11:50:00,3434.0,3434.0,3426.0,3426.0,320.1
2023-01-05 11:55:00,3426.0,3426.0,3426.0,3426.0,0.0
2023-01-05 12:00:00,3426.0,3426.0,3426.0,3426.0,0.0
2023-01-05 12:05:00,3426.0,3426.0,3426.0,3426.0,0.0
2023-01-05 12:10:00,3426.0,3426.0,3426.0,3426.0,0.0
2023-01-05 12:15:00,3426.0,3426.0,3426.0,3426.0,0.0
2023-01-05 12:20:00,3413.0,3421.0,3413.0,3421.0,155.2
2023-01-05 12:25:00,3421.0,3421.0,3421.0,3421.0,0.0
2023-01-05 12:30:00,3421.0,3421.0,3421.0,3421.0,0.0
2023-01-05 12:35:00,3422.0,3422.0,3422.0,3422.0,2339.8
2023-01-05 12:40:00,3419.0,3425.0,3419.0,3425.0,1022.7
2023-01-05 12:45:00,3425.0,3425.0,3425.0,3425.0,0.0
2023-01-05 12:50:00,3425.0,3425.0,3425.0,3425.0,0.0
2023-01-05 12:55:00,3420.0,3423.0,3417.0,3417.0,2602.6
2023-01-05 13:00:00,3417.0,3417.0,3417.0,3417.0,0.0
2023-01-05 13:05:00,3412.0,3412.0,3412.0,3412.0,284.1
2023-01-05 13:10:00,3415.0,3415.0,3415.0,3415.0,213.0
2023-01-05 13:15:00,3404.0,3404.0,3404.0,3404.0,45.0
2023-01-05 13:20:00,3400.0,3400.0,3400.0,3400.0,301.1
2023-01-05 13:25:00,3409.0,3409.0,3409.0,3409.0,301.1
2023-01-05 13:30:00,3409.0,3409.0,3409.0,3409.0,90.4
2023-01-05 13:35:00,3386.0,3386.0,3373.0,3373.0,1505.4
2023-01-05 13:40:00,3373.0,3373.0,3373.0,3373.0,0.0
2023-01-05 13:45:00,3373.0,3373.0,3373.0,3373.0,0.0
2023-01-05 13:50:00,3373.0,3373.0,3373.0,3373.0,290.5
2023-01-05 13:55:00,3373.0,3373.0,3373.0,3373.0,0.0
2023-01-05 14:00:00,3373.0,3373.0,3373.0,3373.0,0.0
2023-01-05 14:05:00,3373.0,3373.0,3373.0,3373.0,0.0
2023-01-05 14:10:00,3373.0,3373.0,3373.0,3373.0,0.0
2023-01-05 14:15:00,3384.0,3384.0,3384.0,3384.0,9.9
2023-01-05 14:20:00,3384.0,3384.0,3384.0,3384.0,0.0
2023-01-05 14:25:00,3384.0,3384.0,3384.0,3384.0,0.0
2023-01-05 14:30:00,3384.0,3384.0,3384.0,3384.0,0.0
2023-01-05 14:35:00,3380.0,3380.0,3379.0,3379.0,995.8
2023-01-05 14:40:00,3368.0,3368.0,3367.0,3367.0,375.1
2023-01-05 14:45:00,3371.0,3377.0,3371.0,3376.0,3463.5
2023-01-05 14:50:00,3376.0,3376.0,3376.0,3376.0,0.0
2023-01-05 14:55:00,3376.0,3376.0,3376.0,3376.0,0.0
2023-01-05 15:00:00,3399.0,3399.0,3399.0,3399.0,882.6
2023-01-05 15:05:00,3406.0,3406.0,3406.0,3406.0,156.2
2023-01-05 15:10:00,3406.0,3406.0,3406.0,3406.0,0.0
2023-01-05 15:15:00,3406.0,3406.0,3406.0,3406.0,2573.1
2023-01-05 15:20:00,3406.0,3406.0,3406.0,3406.0,0.0
2023-01-05 15:25:00,3406.0,3406.0,3406.0,3406.0,0.0
2023-01-05 15:30:00,3405.0,3405.0,3405.0,3405.0,58.7
2023-01-05 15:35:00,3405.0,3405.0,3405.0,3405.0,0.0
2023-01-05 15:40:00,3405.0,3408.0,3405.0,3408.0,222.9
2023-01-05 15:45:00,3408.0,3408.0,3408.0,3408.0,0.0
2023-01-05 15:50:00,3408.0,3408.0,3408.0,3408.0,0.0
2023-01-05 15:55:00,3408.0,3408.0,3408.0,3408.0,0.0
2023-01-05 16:00:00,3408.0,3408.0,3408.0,3408.0,0.0
2023-01-05 16:05:00,3408.0,3408.0,3408.0,3408.0,0.0
2023-01-05 16:10:00,3408.0,3408.0,3408.0,3408.0,0.0
2023-01-05 16:15:00,3408.0,3408.0,3408.0,3408.0,0.0
2023-01-05 16:20:00,3396.0,3396.0,3396.0,3396.0,564.6
2023-01-05 16:25:00,3388.0,3388.0,3388.0,3388.0,360.4
2023-01-05 16:30:00,3388.0,3388.0,3388.0,3388.0,47.9
2023-01-05 16:35:00,3388.0,3388.0,3388.0,3388.0,0.0
2023-01-05 16:40:00,3388.0,3388.0,3388.0,3388.0,0.0
2023-01-05 16:45:00,3409.0,3410.0,3409.0,3410.0,858.4
2023-01-05 16:50:00,3405.0,3405.0,3405.0,3405.0,180.2
2023-01-05 16:55:00,3403.0,3403.0,3403.0,3403.0,90.1
2023-01-05 17:00:00,3403.0,3403.0,3403.0,3403.0,0.0
2023-01-05 17:05:00,3403.0,3403.0,3403.0,3403.0,0.0
2023-01-05 17:10:00,3403.0,3403.0,3403.0,3403.0,0.0
2023-01-05 17:15:00,3398.0,3398.0,3396.0,3396.0,180.2
2023-01-05 17:20:00,3396.0,3396.0,3396.0,3396.0,0.0
2023-01-05 17:25:00,3396.0,3396.0,3396.0,3396.0,0.0
2023-01-05 17:30:00,3396.0,3396.0,3396.0,3396.0,0.0
2023-01-05 17:35:00,3396.0,3396.0,3396.0,3396.0,0.0
2023-01-05 17:40:00,3396.0,3396.0,3396.0,3396.0,0.0
2023-01-05 17:45:00,3396.0,3396.0,3396.0,3396.0,144.3
2023-01-05 17:50:00,3396.0,3396.0,3396.0,3396.0,0.0
2023-01-05 17:55:00,3396.0,3396.0,3396.0,3396.0,0.0
2023-01-05 18:00:00,3396.0,3396.0,3396.0,3396.0,0.0
2023-01-05 18:05:00,3428.0,3428.0,3428.0,3428.0,19.3
2023-01-05 18:10:00,3428.0,3428.0,3428.0,3428.0,0.0
2023-01-05 18:15:00,3428.0,3428.0,3428.0,3428.0,0.0
2023-01-05 18:20:00,3428.0,3428.0,3428.0,3428.0,0.0
2023-01-05 18:25:00,3397.0,3397.0,3397.0,3397.0,55.2
2023-01-05 18:30:00,3397.0,3397.0,3397.0,3397.0,23.5
2023-01-05 18:35:00,3397.0,3397.0,3397.0,3397.0,17.6
2023-01-05 18:40:00,3397.0,3397.0,3397.0,3397.0,0.0
2023-01-05 18:45:00,3397.0,3397.0,3397.0,3397.0,0.0
2023-01-05 18:50:00,3397.0,3397.0,3397.0,3397.0,0.0
2023-01-05 18:55:00,3397.0,3397.0,3397.0,3397.0,0.0
2023-01-05 19:00:00,3397.0,3397.0,3397.0,3397.0,0.0
2023-01-05 19:05:00,3397.0,3397.0,3397.0,3397.0,0.0
2023-01-05 19:10:00,3397.0,3397.0,3397.0,3397.0,0.0
2023-01-05 19:15:00,3397.0,3397.0,3397.0,3397.0,0.0
2023-01-05 19:20:00,3397.0,3397.0,3397.0,3397.0,0.0
2023-01-05 19:25:00,3397.0,3397.0,3397.0,3397.0,0.0
2023-01-05 19:30:00,3397.0,3397.0,3397.0,3397.0,0.0
2023-01-05 19:35:00,3397.0,3397.0,3397.0,3397.0,0.0
2023-01-05 19:40:00,3397.0,3397.0,3397.0,3397.0,0.0
2023-01-05 19:45:00,3397.0,3397.0,3397.0,3397.0,0.0
2023-01-05 19:50:00,3397.0,3397.0,3397.0,3397.0,0.0
2023-01-05 19:55:00,3397.0,3397.0,3397.0,3397.0,0.0
2023-01-05 20:00:00,3397.0,3397.0,3397.0,3397.0,0.0
2023-01-05 20:05:00,3397.0,3397.0,3397.0,3397.0,0.0
2023-01-05 20:10:00,3397.0,3397.0,3397.0,3397.0,0.0
2023-01-05 20:15:00,3397.0,3397.0,3397.0,3397.0,0.0
2023-01-05 20:20:00,3397.0,3397.0,3397.0,3397.0,0.0
2023-01-05 20:25:00,3397.0,3397.0,3397.0,3397.0,0.0
2023-01-05 20:30:00,3397.0,3397.0,3397.0,3397.0,0.0
2023-01-05 20:35:00,3397.0,3397.0,3397.0,3397.0,0.0
2023-01-05 20:40:00,3397.0,3397.0,3397.0,3397.0,0.0
2023-01-05 20:45:00,3397.0,3397.0,3397.0,3397.0,0.0
2023-01-05 20:50:00,3397.0,3397.0,3397.0,3397.0,0.0
2023-01-05 20:55:00,3397.0,3397.0,3397.0,3397.0,0.0
2023-01-05 21:00:00,3397.0,3397.0,3397.0,3397.0,0.0
2023-01-05 21:05:00,3414.0,3414.0,3414.0,3414.0,454.5
2023-01-05 21:10:00,3414.0,3414.0,3414.0,3414.0,0.0
2023-01-05 21:15:00,3414.0,3414.0,3414.0,3414.0,0.0
2023-01-05 21:20:00,3414.0,3414.0,3414.0,3414.0,0.0
2023-01-05 21:25:00,3414.0,3414.0,3414.0,3414.0,0.0
2023-01-05 21:30:00,3414.0,3414.0,3414.0,3414.0,0.0
2023-01-05 21:35:00,3414.0,3414.0,3414.0,3414.0,0.0
2023-01-05 21:40:00,3414.0,3414.0,3414.0,3414.0,0.0
2023-01-05 21:45:00,3414.0,3414.0,3414.0,3414.0,0.0
2023-01-05 21:50:00,3414.0,3414.0,3414.0,3414.0,0.0
2023-01-05 21:55:00,3414.0,3414.0,3414.0,3414.0,0.0
2023-01-05 22:00:00,3414.0,3414.0,3414.0,3414.0,0.0
2023-01-05 22:05:00,3414.0,3414.0,3414.0,3414.0,0.0
2023-01-05 22:10:00,3414.0,3414.0,3414.0,3414.0,0.0
2023-01-05 22:15:00,3414.0,3414.0,3414.0,3414.0,0.0
2023-01-05 22:20:00,3389.0,3389.0,3389.0,3389.0,10.9
2023-01-05 22:25:00,3389.0,3389.0,3389.0,3389.0,0.0
2023-01-05 22:30:00,3389.0,3389.0,3389.0,3389.0,0.0
2023-01-05 22:35:00,3389.0,3389.0,3389.0,3389.0,0.0
2023-01-05 22:40:00,3406.0,3406.0,3406.0,3406.0,88.1
2023-01-05 22:45:00,3392.0,3393.0,3381.0,3381.0,453.8
2023-01-05 22:50:00,3381.0,3381.0,3381.0,3381.0,0.0
2023-01-05 22:55:00,3381.0,3381.0,3381.0,3381.0,0.0
2023-01-05 23:00:00,3381.0,3381.0,3381.0,3381.0,0.0
2023-01-05 23:05:00,3381.0,3381.0,3381.0,3381.0,0.0
2023-01-05 23:10:00,3382.0,3382.0,3378.0,3378.0,113.7
2023-01-05 23:15:00,3378.0,3378.0,3378.0,3378.0,0.0
2023-01-05 23:20:00,3376.0,3376.0,3376.0,3376.0,187.2
2023-01-05 23:25:00,3350.0,3350.0,3350.0,3350.0,11.3
2023-01-05 23:30:00,3350.0,3350.0,3350.0,3350.0,0.0
2023-01-05 23:35:00,3355.0,3355.0,3355.0,3355.0,314.3
2023-01-05 23:40:00,3355.0,3355.0,3355.0,3355.0,51.3
2023-01-05 23:45:00,3384.0,3384.0,3384.0,3384.0,1432.6
2023-01-05 23:50:00,3384.0,3384.0,3384.0,3384.0,38.1
2023-01-05 23:55:00,3340.0,3340.0,3340.0,3340.0,124.9
2023-01-06 00:00:00,3384.0,3384.0,3384.0,3384.0,607.9
2023-01-06 00:05:00,3385.0,3396.0,3385.0,3396.0,681.8
2023-01-06 00:10:00,3396.0,3396.0,3396.0,3396.0,0.0
2023-01-06 00:15:00,3396.0,3396.0,3396.0,3396.0,0.0
2023-01-06 00:20:00,3396.0,3396.0,3396.0,3396.0,0.0
2023-01-06 00:25:00,3396.0,3396.0,3396.0,3396.0,0.0
2023-01-06 00:30:00,3402.0,3402.0,3402.0,3402.0,15.2
2023-01-06 00:35:00,3402.0,3402.0,3402.0,3402.0,0.0
2023-01-06 00:40:00,3402.0,3402.0,3402.0,3402.0,0.0
2023-01-06 00:45:00,3420.0,3420.0,3419.0,3419.0,170.4
2023-01-06 00:50:00,3425.0,3425.0,3425.0,3425.0,56.9
2023-01-06 00:55:00,3425.0,3425.0,3425.0,3425.0,0.0
2023-01-06 01:00:00,3413.0,3413.0,3413.0,3413.0,22.1
2023-01-06 01:05:00,3413.0,3413.0,3413.0,3413.0,0.0
2023-01-06 01:10:00,3413.0,3413.0,3413.0,3413.0,0.0
2023-01-06 01:15:00,3413.0,3413.0,3413.0,3413.0,0.0
2023-01-06 01:20:00,3413.0,3413.0,3413.0,3413.0,0.0
2023-01-06 01:25:00,3435.0,3435.0,3435.0,3435.0,145.9
2023-01-06 01:30:00,3435.0,3435.0,3435.0,3435.0,0.0
2023-01-06 01:35:00,3435.0,3435.0,3435.0,3435.0,0.0
2023-01-06 01:40:00,3403.0,3403.0,3403.0,3403.0,17.3
2023-01-06 01:45:00,3412.0,3412.0,3412.0,3412.0,139.0
2023-01-06 01:50:00,3410.0,3410.0,3400.0,3400.0,821.3
2023-01-06 01:55:00,3408.0,3408.0,3408.0,3408.0,146.7
2023-01-06 02:00:00,3391.0,3391.0,3391.0,3391.0,178.9
2023-01-06 02:05:00,3391.0,3391.0,3391.0,3391.0,0.0
2023-01-06 02:10:00,3391.0,3391.0,3391.0,3391.0,0.0
2023-01-06 02:15:00,3395.0,3395.0,3395.0,3395.0,10.1
2023-01-06 02:20:00,3412.0,3412.0,3412.0,3412.0,29.3
2023-01-06 02:25:00,3412.0,3412.0,3412.0,3412.0,0.0
2023-01-06 02:30:00,3412.0,3412.0,3412.0,3412.0,0.0
2023-01-06 02:35:00,3412.0,3412.0,3412.0,3412.0,0.0
2023-01-06 02:40:00,3412.0,3412.0,3412.0,3412.0,0.0
2023-01-06 02:45:00,3411.0,3411.0,3402.0,3402.0,393.6
2023-01-06 02:50:00,3408.0,3411.0,3408.0,3411.0,456.6
2023-01-06 02:55:00,3412.0,3413.0,3412.0,3413.0,54.5
